{
    "uvs": [[0.896689,0.935382,0.778056,0.93631,0.783424,0.695455,0.775417,0.689029,0.550377,0.694528,0.553677,0.591888,0.983069,0,0.983069,0.240861,0.878423,0.240861,0,0.468124,0.021757,0.366734,0.125119,0.362858,0.002408,0.837555,0,0.72689,0.224997,0.734056,0.163949,0.120737,0.275806,0.107476,0.275806,0.228644,0.250495,0,0.047436,0.694809,0.162829,0.605343,0.778717,0.586389,0.553677,0.368358,0.998274,0.695457,1,0.93631,0.248379,0.72689,0.149453,0.72492,0.049296,0.03019,0.151556,0.001039,0,0.256421,0.12425,0.362858,0.002506,0.988263,0.227405,0.844722,0.274572,0.490579,0.779951,0.001771,0.878423,0,0.894963,0.694528,0.778717,0.362858,0.274572,0.619655,0.020924,0.358011,0.227405,0.995942,0.77995,0.242632,0.346038,0.967743,0.227406,0.968672,0.232773,0.727816,0.776651,0.326171,0.551611,0.33167,0.554911,0.22903,0.981835,0.362858,0.981835,0.603719,0.877189,0.603719,0.275806,0.468124,0.297562,0.366734,0.400925,0.362858,0.553045,0.798821,0.775388,0.701191,0.439755,0.120737,0.551611,0.107476,0.551611,0.228644,0.5263,0,0.323242,0.694808,0.438634,0.605343,0.779951,0.22353,0.554911,0.0055,0.447624,0.727818,0.449349,0.968672,0.524185,0.72689,0.425258,0.72492,0.325101,0.03019,0.427361,0.001039,0.275806,0.256421,0.400056,0.362858,0.553162,0.989928,0.778056,0.805483,0.550377,0.490579,0.778717,0.364629,0.877189,0.362858,0.344312,0.72689,0.779951,0,0.550377,0.619655,0.296729,0.358011,0.778056,1,0.778717,0.60549]],
    "vertices": [-1.1062,-0.601521,-0.983247,-1.1062,-0.601521,1.01675,-3.08216,-0.599203,1.00156,-3.01797,-0.615798,-0.997954,-1.15851,1.20318,-0.997953,-1.15851,1.20318,1.00205,-3.83627,1.7524,1.09298,-3.83627,1.7524,-0.90702,-2.01797,-0.726597,-0.997954,-2.01797,-0.726597,1.00205,-2.97737,1.8449,-0.955871,-2.97737,1.8449,1.04413,-1.01797,0.273403,-0.997953,-1.01797,0.273403,1.00205,-3.97737,0.844896,1.04413,-3.97737,0.844896,-0.955871,-2.01797,0.273403,-0.997954,-2.01797,0.273403,1.00205,1.08725,-0.601521,-0.983247,1.08725,-0.601521,1.01675,3.06322,-0.599203,1.00156,2.99902,-0.615798,-0.997954,1.13956,1.20318,-0.997953,1.13956,1.20318,1.00205,3.81732,1.7524,1.09298,3.81732,1.7524,-0.90702,1.99902,-0.726597,-0.997954,1.99902,-0.726597,1.00205,2.95842,1.8449,-0.955871,2.95842,1.8449,1.04413,0.99902,0.273403,-0.997953,0.999021,0.273403,1.00205,3.95842,0.844896,1.04413,3.95842,0.844896,-0.955871,1.99902,0.273403,-0.997954,1.99902,0.273403,1.00205],
    "metadata": {
        "uvs": 1,
        "generator": "io_three",
        "version": 3,
        "type": "Geometry",
        "vertices": 36,
        "faces": 64,
        "normals": 36
    },
    "normals": [0.002167,-0.734794,0.678274,-0.420209,-0.667318,0.614887,-0.406171,-0.660878,-0.631031,-0.575518,0.602405,-0.553056,-0.535264,0.561937,0.630604,0.103153,0.740349,0.664235,0.607227,0.508225,-0.610675,0.617084,0.503983,0.604297,0.734672,0.023469,0.677969,-0.74987,-0.16773,0.639912,-0.006073,0.006134,-0.999939,0.014466,-0.730979,-0.682211,0.584307,-0.563921,-0.583514,0.005829,-0.006256,0.999939,0.070742,0.751244,-0.656209,0.57683,-0.556322,0.598071,0.731193,0.012757,-0.681997,-0.760399,-0.144993,-0.633015,0.002167,0.734794,-0.678274,-0.420209,0.667318,-0.614887,-0.406171,0.660878,0.631031,-0.575518,-0.602405,0.553056,-0.535264,-0.561937,-0.630604,0.103153,-0.740349,-0.664235,0.607227,-0.508225,0.610675,0.617084,-0.503983,-0.604297,0.734672,-0.023469,-0.677969,-0.74987,0.16773,-0.639912,-0.006073,-0.006134,0.999939,0.014466,0.730979,0.682211,0.584307,0.563921,0.583514,0.005829,0.006256,-0.999939,0.070742,-0.751244,0.656209,0.57683,0.556322,-0.598071,0.731193,-0.012757,0.681997,-0.760399,0.144993,0.633015],
    "faces": [40,9,2,3,0,1,2,0,1,2,40,7,6,11,3,4,5,3,4,5,40,4,5,13,6,7,8,6,7,8,40,11,6,14,9,10,11,5,4,9,40,14,6,7,12,13,14,9,4,3,40,16,8,3,15,16,17,10,11,2,40,0,8,16,18,16,15,12,11,10,40,5,11,17,19,9,20,7,5,13,40,10,11,5,21,5,22,14,5,7,40,0,1,9,23,24,0,12,15,0,40,1,13,17,25,26,20,15,8,13,40,4,12,16,27,28,15,6,16,10,40,10,16,15,29,15,30,14,10,17,40,2,14,15,31,12,32,1,9,17,40,17,14,2,20,11,33,13,9,1,40,0,12,13,34,35,8,12,16,8,40,8,9,3,36,0,2,11,0,2,40,10,7,11,21,3,5,14,3,5,40,12,4,13,35,6,8,16,6,8,40,17,11,14,20,9,11,13,5,9,40,15,14,7,32,12,14,17,9,3,40,15,16,3,30,15,17,17,10,2,40,12,0,16,28,18,15,16,12,10,40,13,5,17,26,19,20,8,7,13,40,4,10,5,37,21,22,6,14,7,40,8,0,9,36,23,0,11,12,0,40,9,1,17,38,25,20,0,15,13,40,10,4,16,29,27,15,14,6,10,40,7,10,15,39,29,30,3,14,17,40,3,2,15,40,31,32,2,1,17,40,9,17,2,38,20,33,0,13,1,40,1,0,13,41,34,8,15,12,8,40,27,20,21,42,43,44,18,19,20,40,25,24,29,45,46,47,21,22,23,40,22,23,31,48,49,50,24,25,26,40,29,24,32,51,52,53,23,22,27,40,32,24,25,54,4,55,27,22,21,40,34,26,21,56,57,58,28,29,20,40,18,26,34,59,57,56,30,29,28,40,23,29,35,60,51,61,25,23,31,40,28,29,23,62,47,63,32,23,25,40,18,19,27,64,65,42,30,33,18,40,19,31,35,66,67,61,33,26,31,40,22,30,34,68,69,56,24,34,28,40,28,34,33,70,56,71,32,28,35,40,20,32,33,72,54,73,19,27,35,40,35,32,20,61,53,74,31,27,19,40,18,30,31,75,76,50,30,34,26,40,26,27,21,77,42,44,29,18,20,40,28,25,29,62,45,47,32,21,23,40,30,22,31,76,48,50,34,24,26,40,35,29,32,61,51,53,31,23,27,40,33,32,25,73,54,55,35,27,21,40,33,34,21,71,56,58,35,28,20,40,30,18,34,69,59,56,34,30,28,40,31,23,35,67,60,61,26,25,31,40,22,28,23,78,62,63,24,32,25,40,26,18,27,77,64,42,29,30,18,40,27,19,35,79,66,61,18,33,31,40,28,22,34,70,68,56,32,24,28,40,25,28,33,80,70,71,21,32,35,40,21,20,33,81,72,73,20,19,35,40,27,35,20,79,61,74,18,31,19,40,19,18,31,82,75,50,33,30,26],
    "name": "CubeGeometry"
}