{
    "name": "CubeGeometry",
    "metadata": {
        "faces": 30,
        "type": "Geometry",
        "generator": "io_three",
        "normals": 17,
        "uvs": 0,
        "version": 3,
        "vertices": 17
    },
    "faces": [32,14,11,10,0,1,2,32,7,6,5,3,4,5,32,4,5,1,6,5,7,32,5,6,2,5,4,8,32,2,6,7,8,4,3,32,4,0,3,6,9,10,32,7,4,3,3,6,10,32,13,10,9,11,2,12,32,16,8,11,13,14,1,32,15,9,8,15,12,14,32,3,2,7,10,8,3,32,1,5,2,7,5,8,32,0,4,1,9,6,7,32,4,7,5,6,3,5,32,0,1,15,9,7,15,32,0,16,14,9,13,0,32,1,2,13,7,8,11,32,3,14,13,10,0,11,32,13,14,10,11,0,2,32,10,11,12,2,1,16,32,9,10,12,12,2,16,32,11,8,12,1,14,16,32,8,9,12,14,12,16,32,15,13,9,15,11,12,32,14,16,11,0,13,1,32,16,15,8,13,15,14,32,16,0,15,13,9,15,32,3,0,14,10,9,0,32,15,1,13,15,7,11,32,2,3,13,8,10,11],
    "normals": [-0.67452,0.299997,-0.67452,-0.650502,-0.39201,-0.650502,-0.650502,-0.39201,0.650502,-0.693655,0.194098,-0.693655,-0.693655,0.194098,0.693625,0.693625,0.194098,0.693655,0.693655,0.194098,-0.693625,0.674398,-0.300546,0.674398,-0.674398,-0.300546,0.674398,0.674398,-0.300546,-0.674398,-0.674398,-0.300546,-0.674398,-0.67452,0.299997,0.67452,0.650502,-0.39201,0.650502,0.67452,0.299997,-0.67452,0.650502,-0.39201,-0.650502,0.67452,0.299997,0.67452,0,-1,0],
    "uvs": [],
    "vertices": [0.503736,0.278196,-0.503736,0.503736,0.278196,0.503736,-0.503736,0.278196,0.503736,-0.503736,0.278196,-0.503736,1,0.69246,-1,0.999999,0.69246,1,-1,0.69246,1,-1,0.69246,-1,1,-1.77634,-1,1,-1.77634,1,-1,-1.77634,1,-1,-1.77634,-1,0,-2.72342,-0,-0.984757,-0.573477,0.984757,-0.984757,-0.573477,-0.984757,0.984757,-0.573477,0.984757,0.984757,-0.573477,-0.984757]
}