{
    "vertices": [1,0.803465,0.9909,1,-1.19653,0.821047,-1,-1.19653,0.821047,-1,0.803466,0.9909,1,0.803465,0.846363,0.999999,-1.19653,-0.672583,-1,-1.19653,-0.672583,-1,0.803466,0.846363,1,-0.641411,1.09827,-1,-0.641411,1.09827,1,-0.843929,-0.613081,-1,-0.843928,-0.613081,-1,0.492008,1.09827,-1,0.492007,0.008568,1,0.492007,1.09827,1,0.492007,0.008568,-0.5,0.803466,1.09827,-0.5,-1.19653,1.09827,-0.5,0.803465,0.846363,-0.500001,-1.19653,-0.768383,-0.5,-0.843929,-0.901733,-0.5,-0.641411,1.09827,-0.5,0.492008,1.09827,-0.5,0.492007,0.008568,0.430669,-0.843929,-0.901733,0.430669,0.492007,0.008568,0.430669,0.803466,1.09827,0.430669,-1.19653,1.09827,0.43067,0.803465,0.846363,0.430669,-1.19653,-0.768383,0.430669,-0.641411,1.09827,0.430669,0.492007,1.09827,-0.034665,0.803465,0.846363,-0.5,0.647736,0.427466,-0.5,-0.175961,-0.446582,-0.034666,-0.843929,-0.901733,0.430669,-0.175961,-0.446582,0.430669,0.647736,0.427466,-0.034666,-0.175961,-0.446582,-0.034665,0.647736,0.427466,-0.5,2.75463,0.008568,0.430669,2.75463,0.008568,-0.37485,2.75463,0.309929,-0.37485,2.75463,-0.329046,-0.034665,2.75463,0.008568,0.305519,2.75463,-0.329046,0.305519,2.75463,0.309929,-0.034666,2.75463,-0.446583,-0.034665,2.75463,0.427465],
    "metadata": {
        "vertices": 49,
        "generator": "io_three",
        "version": 3,
        "type": "Geometry",
        "uvs": 0,
        "normals": 44,
        "faces": 94
    },
    "uvs": [],
    "name": "CubeGeometry",
    "normals": [0.097324,0.698141,-0.709281,0.680929,0.676626,-0.280099,0.701376,0.077548,-0.708548,0.191778,-0.145451,0.97058,0.826685,-0.206183,0.523484,0.656514,0.583697,0.477737,-0.811609,-0.210913,0.544755,-0.651112,0.577929,0.491958,-0.675192,0.676229,-0.294595,0.0571,0.80636,0.58861,0.695669,-0.07709,-0.714164,0.646107,-0.587298,0.487411,0.669332,-0.731193,0.131504,0,-0.984191,0.177007,0.026612,-0.705283,-0.708396,0.638173,-0.65569,-0.403455,-0.645924,-0.585894,0.489334,-0.699667,0.084567,-0.709403,0.217872,-0.39201,0.893765,0,0,-1,0.382885,-0.923643,0.015259,-0.669332,-0.731193,0.131504,-0.693991,-0.081545,-0.715323,0,-0.312296,0.94995,-0.202887,-0.396344,0.895383,-0.545793,-0.624866,0.558214,0,-0.117985,0.993011,-0.021058,-0.705832,-0.70806,-0.049928,0.808344,0.586535,-0.08002,0.70043,-0.709189,-0.169958,-0.144322,0.974792,-0.633717,-0.655354,-0.410932,-0.759362,-0.499344,0.417096,-0.382885,-0.923643,0.015259,0,-0.640431,0.767968,0.545793,-0.624866,0.558214,0,-0.83517,-0.549974,0,-0.640431,-0.767968,-0.510849,-0.643239,-0.570269,0.510849,-0.643239,-0.570269,0.762932,-0.646443,0.003754,0,-0.999969,0,-0.762932,-0.646443,0.003754,0.759362,-0.499344,0.417096],
    "faces": [32,17,2,9,0,1,2,32,20,11,6,3,4,5,32,10,5,1,6,7,8,32,19,6,2,9,5,1,32,12,13,7,10,11,12,32,18,16,3,13,14,15,32,2,6,11,1,5,4,32,15,10,8,16,6,17,32,34,13,11,18,11,4,32,22,21,9,19,19,2,32,16,22,12,14,19,10,32,7,13,33,12,11,20,32,4,15,14,21,16,22,32,9,11,13,2,4,11,32,38,36,45,23,24,25,32,31,22,16,19,19,14,32,30,21,22,19,19,19,32,34,20,35,18,3,26,32,32,26,16,13,27,14,32,29,19,17,28,9,0,32,29,35,19,28,26,9,32,27,17,21,29,0,19,32,8,1,27,17,8,29,32,24,29,5,30,28,7,32,5,29,27,7,28,29,32,0,26,28,31,27,13,32,15,25,36,16,32,24,32,14,8,30,22,17,19,32,14,26,0,22,27,31,32,4,28,37,21,13,33,32,38,35,24,23,26,30,32,38,47,43,23,34,35,32,39,48,46,36,37,38,32,39,33,42,36,20,39,32,32,39,37,13,36,33,32,18,33,39,13,20,36,32,42,40,44,39,40,41,32,44,47,45,41,34,25,32,44,40,43,41,40,35,32,46,48,44,38,37,41,32,25,41,45,32,42,25,32,23,34,43,43,18,35,32,37,46,41,33,38,42,32,33,23,40,20,43,40,32,21,17,9,19,0,2,32,19,20,6,9,3,5,32,8,10,1,17,6,8,32,17,19,2,0,9,1,32,3,12,7,15,10,12,32,7,18,3,12,13,15,32,9,2,11,2,1,4,32,14,15,8,22,16,17,32,13,34,23,11,18,43,32,34,11,20,18,4,3,32,12,22,9,10,19,2,32,3,16,12,15,14,10,32,13,23,33,11,43,20,32,33,18,7,20,13,12,32,0,4,14,31,21,22,32,12,9,13,10,2,11,32,47,38,45,34,23,25,32,26,31,16,27,19,14,32,31,30,22,19,19,19,32,38,34,35,23,18,26,32,26,32,28,27,13,13,32,32,16,18,13,14,13,32,27,29,17,29,28,0,32,35,29,24,26,28,30,32,35,20,19,26,3,9,32,30,27,21,19,29,19,32,30,8,27,19,17,29,32,10,24,5,6,30,7,32,1,5,27,8,7,29,32,4,0,28,21,31,13,32,36,10,15,24,6,16,32,10,36,24,6,24,30,32,31,14,30,19,22,19,32,31,26,14,19,27,22,32,37,15,4,33,16,21,32,15,37,25,16,33,32,32,36,38,24,24,23,30,32,34,38,43,18,23,35,32,37,39,46,33,36,38,32,48,39,42,37,36,39,32,28,32,37,13,13,33,32,32,18,39,13,13,36,32,48,42,44,37,39,41,32,41,44,45,42,41,25,32,47,44,43,34,41,35,32,41,46,44,42,38,41,32,36,25,45,24,32,25,32,40,23,43,40,43,35,32,25,37,41,32,33,42,32,42,33,40,39,20,40]
}