{
    "uvs": [],
    "metadata": {
        "uvs": 0,
        "version": 3,
        "type": "Geometry",
        "faces": 94,
        "normals": 45,
        "generator": "io_three",
        "vertices": 49
    },
    "name": "CubeGeometry",
    "faces": [32,17,2,9,0,1,2,32,20,11,6,3,4,5,32,10,5,1,6,7,8,32,19,6,2,9,5,1,32,12,13,7,10,11,12,32,18,16,3,13,14,15,32,2,6,11,1,5,4,32,15,10,8,16,6,17,32,34,13,11,18,11,4,32,22,21,9,19,20,2,32,16,22,12,14,19,10,32,7,13,33,12,11,21,32,4,15,14,22,16,23,32,9,11,13,2,4,11,32,38,36,45,24,25,26,32,31,22,16,20,19,14,32,30,21,22,20,20,19,32,34,20,35,18,3,27,32,32,26,16,13,28,14,32,29,19,17,29,9,0,32,29,35,19,29,27,9,32,27,17,21,30,0,20,32,8,1,27,17,8,30,32,24,29,5,31,29,7,32,5,29,27,7,29,30,32,0,26,28,32,28,13,32,15,25,36,16,33,25,32,14,8,30,23,17,20,32,14,26,0,23,28,32,32,4,28,37,22,13,34,32,38,35,24,24,27,31,32,38,47,43,24,35,36,32,39,48,46,37,38,39,32,39,33,42,37,21,40,32,32,39,37,13,37,34,32,18,33,39,13,21,37,32,42,40,44,40,41,42,32,44,47,45,42,35,26,32,44,40,43,42,41,36,32,46,48,44,39,38,42,32,25,41,45,33,43,26,32,23,34,43,44,18,36,32,37,46,41,34,39,43,32,33,23,40,21,44,41,32,21,17,9,20,0,2,32,19,20,6,9,3,5,32,8,10,1,17,6,8,32,17,19,2,0,9,1,32,3,12,7,15,10,12,32,7,18,3,12,13,15,32,9,2,11,2,1,4,32,14,15,8,23,16,17,32,13,34,23,11,18,44,32,34,11,20,18,4,3,32,12,22,9,10,19,2,32,3,16,12,15,14,10,32,13,23,33,11,44,21,32,33,18,7,21,13,12,32,0,4,14,32,22,23,32,12,9,13,10,2,11,32,47,38,45,35,24,26,32,26,31,16,28,20,14,32,31,30,22,20,20,19,32,38,34,35,24,18,27,32,26,32,28,28,13,13,32,32,16,18,13,14,13,32,27,29,17,30,29,0,32,35,29,24,27,29,31,32,35,20,19,27,3,9,32,30,27,21,20,30,20,32,30,8,27,20,17,30,32,10,24,5,6,31,7,32,1,5,27,8,7,30,32,4,0,28,22,32,13,32,36,10,15,25,6,16,32,10,36,24,6,25,31,32,31,14,30,20,23,20,32,31,26,14,20,28,23,32,37,15,4,34,16,22,32,15,37,25,16,34,33,32,36,38,24,25,24,31,32,34,38,43,18,24,36,32,37,39,46,34,37,39,32,48,39,42,38,37,40,32,28,32,37,13,13,34,32,32,18,39,13,13,37,32,48,42,44,38,40,42,32,41,44,45,43,42,26,32,47,44,43,35,42,36,32,41,46,44,43,39,42,32,36,25,45,25,33,26,32,40,23,43,41,44,36,32,25,37,41,33,34,43,32,42,33,40,40,21,41],
    "normals": [0.097324,0.709281,0.698141,0.680929,0.280099,0.676626,0.701376,0.708548,0.077548,0.191778,-0.97058,-0.145451,0.826685,-0.523484,-0.206183,0.656514,-0.477737,0.583697,-0.811609,-0.544755,-0.210913,-0.651112,-0.491958,0.577929,-0.675192,0.294595,0.676229,0.0571,-0.58861,0.80636,0.695669,0.714164,-0.07709,0.646107,-0.487411,-0.587298,0.669332,-0.131504,-0.731193,0,-0.177007,-0.984191,0.026612,0.708396,-0.705283,0.638173,0.403455,-0.65569,-0.645924,-0.489334,-0.585894,-0.699667,0.709403,0.084567,0.217872,-0.893765,-0.39201,0,0.999969,0,0,1,0,0.382885,-0.015259,-0.923643,-0.669332,-0.131504,-0.731193,-0.693991,0.715323,-0.081545,0,-0.94995,-0.312296,-0.202887,-0.895383,-0.396344,-0.545793,-0.558214,-0.624866,0,-0.993011,-0.117985,-0.021058,0.70806,-0.705832,-0.049928,-0.586535,0.808344,-0.08002,0.709189,0.70043,-0.169958,-0.974792,-0.144322,-0.633717,0.410932,-0.655354,-0.759362,-0.417096,-0.499344,-0.382885,-0.015259,-0.923643,0,-0.767968,-0.640431,0.545793,-0.558214,-0.624866,0,0.549974,-0.83517,0,0.767968,-0.640431,-0.510849,0.570269,-0.643239,0.510849,0.570269,-0.643239,0.762932,-0.003754,-0.646443,0,0,-0.999969,-0.762932,-0.003754,-0.646443,0.759362,-0.417096,-0.499344],
    "vertices": [0.987201,-1.02637,0.966443,0.9872,-0.85652,-1.03356,-1.0128,-0.85652,-1.03356,-1.0128,-1.02637,0.966444,0.987201,-0.881836,0.966443,0.9872,0.63711,-1.03356,-1.0128,0.637111,-1.03356,-1.0128,-0.881836,0.966443,0.9872,-1.13374,-0.478433,-1.0128,-1.13374,-0.478433,0.9872,0.577608,-0.680952,-1.0128,0.577608,-0.680951,-1.0128,-1.13374,0.654986,-1.0128,-0.044041,0.654985,0.987201,-1.13374,0.654985,0.987201,-0.044041,0.654984,-0.512799,-1.13374,0.966444,-0.5128,-1.13374,-1.03356,-0.512799,-0.881836,0.966443,-0.5128,0.73291,-1.03356,-0.5128,0.86626,-0.680951,-0.5128,-1.13374,-0.478433,-0.512799,-1.13374,0.654985,-0.512799,-0.044041,0.654985,0.41787,0.86626,-0.680952,0.41787,-0.044041,0.654985,0.41787,-1.13374,0.966443,0.417869,-1.13374,-1.03356,0.41787,-0.881836,0.966443,0.417869,0.73291,-1.03356,0.41787,-1.13374,-0.478433,0.41787,-1.13374,0.654985,-0.047464,-0.881836,0.966443,-0.512799,-0.462938,0.810714,-0.512799,0.41111,-0.012983,-0.047465,0.86626,-0.680951,0.41787,0.411109,-0.012984,0.41787,-0.462938,0.810714,-0.047465,0.411109,-0.012983,-0.047464,-0.462938,0.810714,-0.512799,-0.04404,2.91761,0.41787,-0.044041,2.91761,-0.387648,-0.345402,2.91761,-0.387649,0.293574,2.91761,-0.047464,-0.044041,2.91761,0.29272,0.293574,2.91761,0.29272,-0.345402,2.91761,-0.047464,0.41111,2.91761,-0.047464,-0.462938,2.91761]
}