{
    "normals": [0,0.447188,0.894406,0.38728,-0.223579,0.894406,0.846065,-0.511887,-0.148747,-0.38728,-0.223579,0.894406,-0.846065,-0.511887,-0.148747,0.318217,-0.309305,0.896115,-0.442793,-0.147923,0.884304,0,0.967834,-0.251534,0,0.00756859,-0.999969,0,1,0,0.19715,-0.980346,0,-0.986724,0.162358,0,-1,0,0,-0.633503,-0.773705,0,-0.633412,0.773797,0],
    "faces": [32,1,3,2,0,1,2,32,3,5,4,1,3,4,32,4,5,1,4,3,0,32,3,1,8,1,0,0,32,5,3,6,3,1,5,32,1,5,9,0,3,6,32,4,0,7,4,7,8,32,2,4,7,2,4,8,32,0,2,7,7,2,8,32,6,8,11,5,0,9,32,6,10,12,5,10,11,32,9,12,11,6,11,9,32,15,16,17,12,12,12,32,18,10,6,13,10,5,32,19,12,9,14,11,6,32,0,1,2,7,0,2,32,2,3,4,2,1,4,32,0,4,1,7,4,0,32,6,3,8,5,1,0,32,9,5,6,6,3,5,32,8,1,9,0,0,6,32,10,6,11,10,5,9,32,9,6,12,6,5,11,32,8,9,11,0,6,9],
    "metadata": {
        "normals": 15,
        "uvs": 0,
        "generator": "io_three",
        "vertices": 20,
        "version": 3,
        "type": "Geometry",
        "faces": 24
    },
    "vertices": [0,1,-3.82704,0,1,3.82704,0.866025,-0.5,-2.84594,0.866025,-0.5,3.82704,-0.866025,-0.5,-2.84594,-0.866025,-0.499999,3.82704,0.866025,-0.5,3.82704,-2.98023e-08,0.169219,-5.62475,0,1,3.82704,-0.866025,-0.499999,3.82704,0.866025,-0.5,5.95434,0,1,5.95434,-0.866025,-0.499999,5.95434,0,1,5.95434,0,1,5.95434,0,1,3.82704,0,1,5.95434,0,1.57305,5.95434,1.52306,-1.03795,5.91436,-1.42816,-0.960149,5.90816],
    "uvs": [],
    "name": "CylinderGeometry"
}