{
    "uvs": [],
    "vertices": [6.99605,1,0.028512,-0.658024,1,0.028512,6.01495,-0.5,0.894537,-0.658024,-0.5,0.894538,6.01495,-0.5,-0.837514,-0.658024,-0.5,-0.837513,-0.658024,-0.5,0.894538,8.79376,0.169219,0.028511,-0.658024,1,0.028512,-0.658024,-0.5,-0.837513,-2.78532,-0.5,0.894538,-2.78532,1,0.028512,-2.78532,-0.5,-0.837513,-2.78532,1,0.028512,-2.78532,1,0.028512,-0.658024,1,0.028512,-2.78532,1,0.028512,-2.78532,1.57306,0.028512,-2.74535,-1.03795,1.55157,-2.73915,-0.960149,-1.39965],
    "metadata": {
        "uvs": 0,
        "generator": "io_three",
        "version": 3,
        "type": "Geometry",
        "vertices": 20,
        "faces": 24,
        "normals": 16
    },
    "normals": [0,0.447157,0.894436,0,-0.17185,0.985107,0.148747,-0.511887,0.846065,0,-0.403424,0.914975,0.148747,-0.511887,-0.846065,0,0.447188,0.894406,0,-0.246803,0.969054,0,-0.317606,0.94821,0.251534,0.967834,0,0.999969,0.007569,0,0,0.999969,0,0,-0.980346,0.19715,0,0.162358,-0.986724,0,0,-1,0,-0.773705,-0.633503,0,0.773797,-0.633412],
    "faces": [32,1,3,2,0,1,2,32,3,5,4,1,3,4,32,4,5,1,4,3,0,32,3,1,8,1,0,5,32,5,3,6,3,1,6,32,1,5,9,0,3,7,32,4,0,7,4,8,9,32,2,4,7,2,4,9,32,0,2,7,8,2,9,32,6,8,11,6,5,10,32,6,10,12,6,11,12,32,9,12,11,7,12,10,32,15,16,17,13,13,13,32,18,10,6,14,11,6,32,19,12,9,15,12,7,32,0,1,2,8,0,2,32,2,3,4,2,1,4,32,0,4,1,8,4,0,32,6,3,8,6,1,5,32,9,5,6,7,3,6,32,8,1,9,5,0,7,32,10,6,11,11,6,10,32,9,6,12,7,6,12,32,8,9,11,5,7,10],
    "name": "CylinderGeometry"
}