{
    "vertices": [-0.035375,1.70126,-0.535375,-0.035375,10.643,-0.535376,0.397637,1.70126,0.214625,0.397637,10.643,0.214624,-0.468388,1.30322,0.214625,-0.468388,10.643,0.214624,0.397637,2.86971,0.214625,-0.035375,12.4986,-0.098748,-0.035375,2.86971,-0.535375,-0.468388,2.86971,0.214624,0.181131,0.030045,-0.160375,-0.035375,0.030045,0.214625,-0.251882,0.030045,-0.160375,-0.468388,1.70126,0.214625,-1.30133,-0.009225,0.750467,1.13644,-0.020273,0.795134,-0.011448,-0.001033,-1.51667],
    "metadata": {
        "vertices": 17,
        "generator": "io_three",
        "version": 3,
        "type": "Geometry",
        "uvs": 0,
        "normals": 16,
        "faces": 24
    },
    "uvs": [],
    "name": "Cylinder.001Geometry",
    "normals": [0,0.108615,-0.994079,0.85577,0.129673,0.500778,0.866024,0,0.499985,-0.85577,0.129673,0.500778,-0.866024,0,0.499985,0,0,-1,0.88757,0.071352,-0.455092,-0.895505,0.015992,0.444685,-0.886288,0.004639,0.463057,0,0.999451,-0.032929,0.73339,-0.501053,-0.459395,0.7528,-0.500504,-0.427473,0.865993,0.041505,0.498276,0.710501,0.478774,0.515671,-0.000275,0.044038,-0.999023,0.01587,0.499496,-0.866146],
    "faces": [32,1,3,6,0,1,2,32,3,5,9,1,3,4,32,5,1,8,3,0,5,32,10,8,6,6,5,2,32,11,6,9,7,2,4,32,12,9,8,8,4,5,32,1,5,7,0,3,9,32,5,3,7,3,1,9,32,3,1,7,1,0,9,32,14,13,11,10,11,7,32,10,2,15,6,12,13,32,2,11,15,12,7,13,32,13,14,12,11,10,8,32,0,10,16,14,6,15,32,12,0,16,8,14,15,32,8,1,6,5,0,2,32,6,3,9,2,1,4,32,9,5,8,4,3,5,32,8,10,0,5,6,14,32,10,6,2,6,2,12,32,6,11,2,2,7,12,32,11,9,4,7,4,4,32,9,12,4,4,8,4,32,12,8,0,8,5,14]
}